canonical_district_id,canonical_name,state,source_name,source_vintage,match_type,confidence,notes
261,Aizawl,Mizoram,Aizawl,census_2011,exact,1.0,
262,Champhai,Mizoram,Champhai,census_2011,exact,1.0,
263,Kolasib,Mizoram,Kolasib,census_2011,exact,1.0,
264,Lawngtlai,Mizoram,Lawngtlai,census_2011,exact,1.0,
265,Lunglei,Mizoram,Lunglei,census_2011,exact,1.0,
266,Mamit,Mizoram,Mamit,census_2011,exact,1.0,
267,Saiha,Mizoram,Saiha,census_2011,exact,1.0,
268,Serchhip,Mizoram,Serchhip,census_2011,exact,1.0,
996,Khawzawl,Mizoram,Khawzawl,census_2011,exact,1.0,
994,Hnahthial,Mizoram,Hnahthial,census_2011,exact,1.0,
602,Thiruvallur,Tamil Nadu,Thiruvallur,census_2011,exact,1.0,
603,Chennai,Tamil Nadu,Chennai,census_2011,exact,1.0,
631,Krishnagiri,Tamil Nadu,Krishnagiri,census_2011,exact,1.0,
606,Tiruvannamalai,Tamil Nadu,Tiruvannamalai,census_2011,exact,1.0,
630,Dharmapuri,Tamil Nadu,Dharmapuri,census_2011,exact,1.0,
608,Salem,Tamil Nadu,Salem,census_2011,exact,1.0,
610,Erode,Tamil Nadu,Erode,census_2011,exact,1.0,
611,Nilgiris,Tamil Nadu,Nilgiris,census_2011,exact,1.0,
609,Namakkal,Tamil Nadu,Namakkal,census_2011,exact,1.0,
615,Perambalur,Tamil Nadu,Perambalur,census_2011,exact,1.0,
632,Coimbatore,Tamil Nadu,Coimbatore,census_2011,exact,1.0,
614,Tiruchirappalli,Tamil Nadu,Tiruchirappalli,census_2011,exact,1.0,
616,Ariyalur,Tamil Nadu,Ariyalur,census_2011,exact,1.0,
633,Tiruppur,Tamil Nadu,Tiruppur,census_2011,exact,1.0,
620,Thanjavur,Tamil Nadu,Thanjavur,census_2011,exact,1.0,
613,Karur,Tamil Nadu,Karur,census_2011,exact,1.0,
619,Thiruvarur,Tamil Nadu,Thiruvarur,census_2011,exact,1.0,
612,Dindigul,Tamil Nadu,Dindigul,census_2011,exact,1.0,
623,Madurai,Tamil Nadu,Madurai,census_2011,exact,1.0,
624,Theni,Tamil Nadu,Theni,census_2011,exact,1.0,
625,Virudhunagar,Tamil Nadu,Virudhunagar,census_2011,exact,1.0,
627,Thoothukkudi,Tamil Nadu,Thoothukkudi,census_2011,exact,1.0,
629,Kanyakumari,Tamil Nadu,Kanyakumari,census_2011,exact,1.0,
607,Viluppuram,Tamil Nadu,Viluppuram,census_2011,exact,1.0,
617,Cuddalore,Tamil Nadu,Cuddalore,census_2011,exact,1.0,
621,Pudukkottai,Tamil Nadu,Pudukkottai,census_2011,exact,1.0,
622,Sivaganga,Tamil Nadu,Sivaganga,census_2011,exact,1.0,
626,Ramanathapuram,Tamil Nadu,Ramanathapuram,census_2011,exact,1.0,
618,Nagapattinam,Tamil Nadu,Nagapattinam,census_2011,exact,1.0,
729,Kallakurichi,Tamil Nadu,Kallakurichi,census_2011,exact,1.0,
0,Tenkasi,Tamil Nadu,Tenkasi,census_2011,exact,1.0,
628,Tirunelveli,Tamil Nadu,Tirunelveli,census_2011,exact,1.0,
605,Vellore,Tamil Nadu,Vellore,census_2011,exact,1.0,
0,Ranipet,Tamil Nadu,Ranipet,census_2011,exact,1.0,
0,Tirupathur,Tamil Nadu,Tirupathur,census_2011,exact,1.0,
604,Kancheepuram,Tamil Nadu,Kancheepuram,census_2011,exact,1.0,
0,Chengalpattu,Tamil Nadu,Chengalpattu,census_2011,exact,1.0,
467,Burhanpur,Madhya Pradesh,Burhanpur,census_2011,exact,1.0,
507,Gondia,Maharashtra,Gondia,census_2011,exact,1.0,
506,Bhandara,Maharashtra,Bhandara,census_2011,exact,1.0,
499,Jalgaon,Maharashtra,Jalgaon,census_2011,exact,1.0,
411,Mahasamund,Chhattisgarh,Mahasamund,census_2011,exact,1.0,
504,Wardha,Maharashtra,Wardha,census_2011,exact,1.0,
500,Buldhana,Maharashtra,Buldhana,census_2011,exact,1.0,
491,Valsad,Gujarat,Valsad,census_2011,exact,1.0,
501,Akola,Maharashtra,Akola,census_2011,exact,1.0,
378,Bhadrak,Odisha,Bhadrak,census_2011,exact,1.0,
383,Dhenkanal,Odisha,Dhenkanal,census_2011,exact,1.0,
382,Jajpur,Odisha,Jajpur,census_2011,exact,1.0,
392,Subarnapur,Odisha,Subarnapur,census_2011,exact,1.0,
394,Nuapada,Odisha,Nuapada,census_2011,exact,1.0,
393,Balangir,Odisha,Balangir,census_2011,exact,1.0,
516,Nashik,Maharashtra,Nashik,census_2011,exact,1.0,
391,Boudh,Odisha,Boudh,census_2011,exact,1.0,
508,Gadchiroli,Maharashtra,Gadchiroli,census_2011,exact,1.0,
502,Washim,Maharashtra,Washim,census_2011,exact,1.0,
381,Cuttack,Odisha,Cuttack,census_2011,exact,1.0,
509,Chandrapur,Maharashtra,Chandrapur,census_2011,exact,1.0,
510,Yavatmal,Maharashtra,Yavatmal,census_2011,exact,1.0,
390,Kandhamal,Odisha,Kandhamal,census_2011,exact,1.0,
514,Jalna,Maharashtra,Jalna,census_2011,exact,1.0,
385,Nayagarh,Odisha,Nayagarh,census_2011,exact,1.0,
413,Uttar Bastar Kanker,Chhattisgarh,Uttar Bastar Kanker,census_2011,exact,1.0,
386,Khordha,Odisha,Khordha,census_2011,exact,1.0,
395,Kalahandi,Odisha,Kalahandi,census_2011,exact,1.0,
380,Jagatsinghpur,Odisha,Jagatsinghpur,census_2011,exact,1.0,
387,Puri,Odisha,Puri,census_2011,exact,1.0,
522,Ahmednagar,Maharashtra,Ahmednagar,census_2011,exact,1.0,
397,Nabarangapur,Odisha,Nabarangapur,census_2011,exact,1.0,
512,Hingoli,Maharashtra,Hingoli,census_2011,exact,1.0,
396,Rayagada,Odisha,Rayagada,census_2011,exact,1.0,
511,Nanded,Maharashtra,Nanded,census_2011,exact,1.0,
415,Narayanpur,Chhattisgarh,Narayanpur,census_2011,exact,1.0,
513,Parbhani,Maharashtra,Parbhani,census_2011,exact,1.0,
521,Pune,Maharashtra,Pune,census_2011,exact,1.0,
523,Beed,Maharashtra,Beed,census_2011,exact,1.0,
519,Mumbai,Maharashtra,Mumbai,census_2011,exact,1.0,
398,Koraput,Odisha,Koraput,census_2011,exact,1.0,
542,Srikakulam,Andhra Pradesh,Srikakulam,census_2011,exact,1.0,
543,Vizianagaram,Andhra Pradesh,Vizianagaram,census_2011,exact,1.0,
524,Latur,Maharashtra,Latur,census_2011,exact,1.0,
525,Osmanabad,Maharashtra,Osmanabad,census_2011,exact,1.0,
399,Malkangiri,Odisha,Malkangiri,census_2011,exact,1.0,
526,Solapur,Maharashtra,Solapur,census_2011,exact,1.0,
544,Visakhapatnam,Andhra Pradesh,Visakhapatnam,census_2011,exact,1.0,
558,Bidar,Karnataka,Bidar,census_2011,exact,1.0,
527,Satara,Maharashtra,Satara,census_2011,exact,1.0,
528,Ratnagiri,Maharashtra,Ratnagiri,census_2011,exact,1.0,
579,Kalaburagi,Karnataka,Kalaburagi,census_2011,exact,1.0,
531,Sangli,Maharashtra,Sangli,census_2011,exact,1.0,
530,Kolhapur,Maharashtra,Kolhapur,census_2011,exact,1.0,
547,Krishna,Andhra Pradesh,Krishna,census_2011,exact,1.0,
555,Belagavi,Karnataka,Belagavi,census_2011,exact,1.0,
580,Yadgir,Karnataka,Yadgir,census_2011,exact,1.0,
556,Bagalkote,Karnataka,Bagalkote,census_2011,exact,1.0,
529,Sindhudurg,Maharashtra,Sindhudurg,census_2011,exact,1.0,
548,Guntur,Andhra Pradesh,Guntur,census_2011,exact,1.0,
545,East Godavari,Andhra Pradesh,East Godavari,census_2011,exact,1.0,
559,Raichur,Karnataka,Raichur,census_2011,exact,1.0,
549,Prakasam,Andhra Pradesh,Prakasam,census_2011,exact,1.0,
552,Kurnool,Andhra Pradesh,Kurnool,census_2011,exact,1.0,
560,Koppal,Karnataka,Koppal,census_2011,exact,1.0,
561,Gadag,Karnataka,Gadag,census_2011,exact,1.0,
585,North Goa,Goa,North Goa,census_2011,exact,1.0,
565,Ballari,Karnataka,Ballari,census_2011,exact,1.0,
562,Dharwad,Karnataka,Dharwad,census_2011,exact,1.0,
563,Uttara Kannada,Karnataka,Uttara Kannada,census_2011,exact,1.0,
586,South Goa,Goa,South Goa,census_2011,exact,1.0,
564,Haveri,Karnataka,Haveri,census_2011,exact,1.0,
553,Anantapur,Andhra Pradesh,Anantapur,census_2011,exact,1.0,
550,S.P.S. Nellore,Andhra Pradesh,S.P.S. Nellore,census_2011,exact,1.0,
566,Chitradurga,Karnataka,Chitradurga,census_2011,exact,1.0,
567,Davanagere,Karnataka,Davanagere,census_2011,exact,1.0,
568,Shivamogga,Karnataka,Shivamogga,census_2011,exact,1.0,
569,Udupi,Karnataka,Udupi,census_2011,exact,1.0,
570,Chikkamagaluru,Karnataka,Chikkamagaluru,census_2011,exact,1.0,
582,Chikkaballapura,Karnataka,Chikkaballapura,census_2011,exact,1.0,
574,Hassan,Karnataka,Hassan,census_2011,exact,1.0,
581,Kolar,Karnataka,Kolar,census_2011,exact,1.0,
583,Bengaluru Rural,Karnataka,Bengaluru Rural,census_2011,exact,1.0,
575,Dakshina Kannada,Karnataka,Dakshina Kannada,census_2011,exact,1.0,
572,Bengaluru Urban,Karnataka,Bengaluru Urban,census_2011,exact,1.0,
588,Kasaragod,Kerala,Kasaragod,census_2011,exact,1.0,
576,Kodagu,Karnataka,Kodagu,census_2011,exact,1.0,
578,Chamarajanagara,Karnataka,Chamarajanagara,census_2011,exact,1.0,
590,Wayanad,Kerala,Wayanad,census_2011,exact,1.0,
591,Kozhikode,Kerala,Kozhikode,census_2011,exact,1.0,
592,Malappuram,Kerala,Malappuram,census_2011,exact,1.0,
593,Palakkad,Kerala,Palakkad,census_2011,exact,1.0,
594,Thrissur,Kerala,Thrissur,census_2011,exact,1.0,
596,Idukki,Kerala,Idukki,census_2011,exact,1.0,
595,Ernakulam,Kerala,Ernakulam,census_2011,exact,1.0,
598,Alappuzha,Kerala,Alappuzha,census_2011,exact,1.0,
597,Kottayam,Kerala,Kottayam,census_2011,exact,1.0,
599,Pathanamthitta,Kerala,Pathanamthitta,census_2011,exact,1.0,
600,Kollam,Kerala,Kollam,census_2011,exact,1.0,
601,Thiruvananthapuram,Kerala,Thiruvananthapuram,census_2011,exact,1.0,
546,West Godavari,Andhra Pradesh,West Godavari,census_2011,exact,1.0,
416,Dakshin Bastar Dantewada,Chhattisgarh,Dakshin Bastar Dantewada,census_2011,exact,1.0,
414,Bastar,Chhattisgarh,Bastar,census_2011,exact,1.0,
722,Kondagaon,Chhattisgarh,Kondagaon,census_2011,exact,1.0,
720,Gariaband,Chhattisgarh,Gariaband,census_2011,exact,1.0,
410,Raipur,Chhattisgarh,Raipur,census_2011,exact,1.0,
409,Durg,Chhattisgarh,Durg,census_2011,exact,1.0,
517,Thane,Maharashtra,Thane,census_2011,exact,1.0,
532,Adilabad,Telangana,Adilabad,census_2011,exact,1.0,
536,Hyderabad,Telangana,Hyderabad,census_2011,exact,1.0,
737,Jagtial,Telangana,Jagtial,census_2011,exact,1.0,
752,Jangaon,Telangana,Jangaon,census_2011,exact,1.0,
780,Mulugu,Telangana,Mulugu,census_2011,exact,1.0,
744,Jogulamba Gadwal,Telangana,Jogulamba Gadwal,census_2011,exact,1.0,
736,Kamareddy,Telangana,Kamareddy,census_2011,exact,1.0,
534,Karimnagar,Telangana,Karimnagar,census_2011,exact,1.0,
541,Khammam,Telangana,Khammam,census_2011,exact,1.0,
733,Komaram Bheem,Telangana,Komaram Bheem,census_2011,exact,1.0,
751,Mahabubabad,Telangana,Mahabubabad,census_2011,exact,1.0,
538,Mahabubnagar,Telangana,Mahabubnagar,census_2011,exact,1.0,
735,Mancherial,Telangana,Mancherial,census_2011,exact,1.0,
535,Medak,Telangana,Medak,census_2011,exact,1.0,
742,Medchal Malkajgiri,Telangana,Medchal Malkajgiri,census_2011,exact,1.0,
746,Nagarkurnool,Telangana,Nagarkurnool,census_2011,exact,1.0,
539,Nalgonda,Telangana,Nalgonda,census_2011,exact,1.0,
734,Nirmal,Telangana,Nirmal,census_2011,exact,1.0,
533,Nizamabad,Telangana,Nizamabad,census_2011,exact,1.0,
738,Peddapalli,Telangana,Peddapalli,census_2011,exact,1.0,
739,Rajanna Sircilla,Telangana,Rajanna Sircilla,census_2011,exact,1.0,
537,Ranga Reddy,Telangana,Ranga Reddy,census_2011,exact,1.0,
740,Sangareddy,Telangana,Sangareddy,census_2011,exact,1.0,
741,Siddipet,Telangana,Siddipet,census_2011,exact,1.0,
748,Suryapet,Telangana,Suryapet,census_2011,exact,1.0,
743,Vikarabad,Telangana,Vikarabad,census_2011,exact,1.0,
745,Wanaparthy,Telangana,Wanaparthy,census_2011,exact,1.0,
749,Warangal Rural,Telangana,Warangal Rural,census_2011,exact,1.0,
540,Warangal Urban,Telangana,Warangal Urban,census_2011,exact,1.0,
747,Yadadri Bhuvanagiri,Telangana,Yadadri Bhuvanagiri,census_2011,exact,1.0,
343,South 24 Parganas,West Bengal,South 24 Parganas,census_2011,exact,1.0,
480,Amreli,Gujarat,Amreli,census_2011,exact,1.0,
384,Angul,Odisha,Angul,census_2011,exact,1.0,
489,Dang,Gujarat,Dang,census_2011,exact,1.0,
412,Dhamtari,Chhattisgarh,Dhamtari,census_2011,exact,1.0,
379,Kendrapara,Odisha,Kendrapara,census_2011,exact,1.0,
496,Dadra and Nagar Haveli,Dadra and Nagar Haveli and Daman and Diu,Dadra and Nagar Haveli,census_2011,exact,1.0,
732,Palghar,Maharashtra,Palghar,census_2011,exact,1.0,
388,Ganjam,Odisha,Ganjam,census_2011,exact,1.0,
389,Gajapati,Odisha,Gajapati,census_2011,exact,1.0,
551,Y.S.R. Kadapa,Andhra Pradesh,Y.S.R. Kadapa,census_2011,exact,1.0,
571,Tumakuru,Karnataka,Tumakuru,census_2011,exact,1.0,
554,Chittoor,Andhra Pradesh,Chittoor,census_2011,exact,1.0,
584,Ramanagara,Karnataka,Ramanagara,census_2011,exact,1.0,
573,Mandya,Karnataka,Mandya,census_2011,exact,1.0,
577,Mysuru,Karnataka,Mysuru,census_2011,exact,1.0,
589,Kannur,Kerala,Kannur,census_2011,exact,1.0,
635,Puducherry,Puducherry,Puducherry,census_2011,exact,1.0,
719,Balod,Chhattisgarh,Balod,census_2011,exact,1.0,
753,Bhadradri Kothagudem,Telangana,Bhadradri Kothagudem,census_2011,exact,1.0,
486,Vadodara,Gujarat,Vadodara,census_2011,exact,1.0,
344,Paschim Medinipur,West Bengal,Paschim Medinipur,census_2011,exact,1.0,
456,Seoni,Madhya Pradesh,Seoni,census_2011,exact,1.0,
465,Alirajpur,Madhya Pradesh,Alirajpur,census_2011,exact,1.0,
455,Chhindwara,Madhya Pradesh,Chhindwara,census_2011,exact,1.0,
448,Harda,Madhya Pradesh,Harda,census_2011,exact,1.0,
440,Khargone,Madhya Pradesh,Khargone,census_2011,exact,1.0,
345,Purba Medinipur,West Bengal,Purba Medinipur,census_2011,exact,1.0,
376,Mayurbhanj,Odisha,Mayurbhanj,census_2011,exact,1.0,
488,Bharuch,Gujarat,Bharuch,census_2011,exact,1.0,
374,Sundargarh,Odisha,Sundargarh,census_2011,exact,1.0,
407,Kabeerdham,Chhattisgarh,Kabeerdham,census_2011,exact,1.0,
466,Khandwa,Madhya Pradesh,Khandwa,census_2011,exact,1.0,
478,Porbandar,Gujarat,Porbandar,census_2011,exact,1.0,
457,Balaghat,Madhya Pradesh,Balaghat,census_2011,exact,1.0,
487,Narmada,Gujarat,Narmada,census_2011,exact,1.0,
441,Barwani,Madhya Pradesh,Barwani,census_2011,exact,1.0,
405,Janjgir Champa,Chhattisgarh,Janjgir Champa,census_2011,exact,1.0,
497,Nandurbar,Maharashtra,Nandurbar,census_2011,exact,1.0,
375,Kendujhar,Odisha,Kendujhar,census_2011,exact,1.0,
377,Balasore,Odisha,Balasore,census_2011,exact,1.0,
371,Jharsuguda,Odisha,Jharsuguda,census_2011,exact,1.0,
718,Bametara,Chhattisgarh,Bametara,census_2011,exact,1.0,
408,Rajnandgaon,Chhattisgarh,Rajnandgaon,census_2011,exact,1.0,
503,Amravati,Maharashtra,Amravati,census_2011,exact,1.0,
492,Surat,Gujarat,Surat,census_2011,exact,1.0,
498,Dhule,Maharashtra,Dhule,census_2011,exact,1.0,
493,Tapi,Gujarat,Tapi,census_2011,exact,1.0,
370,Bargarh,Odisha,Bargarh,census_2011,exact,1.0,
505,Nagpur,Maharashtra,Nagpur,census_2011,exact,1.0,
721,Baloda Bazar,Chhattisgarh,Baloda Bazar,census_2011,exact,1.0,
717,Mungeli,Chhattisgarh,Mungeli,census_2011,exact,1.0,
726,Botad,Gujarat,Botad,census_2011,exact,1.0,
731,Chhota Udaipur,Gujarat,Chhota Udaipur,census_2011,exact,1.0,
729,Gir Somnath,Gujarat,Gir Somnath,census_2011,exact,1.0,
776,Jhargram,West Bengal,Jhargram,census_2011,exact,1.0,
476,Rajkot,Gujarat,Rajkot,census_2011,exact,1.0,
481,Bhavnagar,Gujarat,Bhavnagar,census_2011,exact,1.0,
447,Betul,Madhya Pradesh,Betul,census_2011,exact,1.0,
479,Junagadh,Gujarat,Junagadh,census_2011,exact,1.0,
373,Deogarh,Odisha,Deogarh,census_2011,exact,1.0,
477,Jamnagar,Gujarat,Jamnagar,census_2011,exact,1.0,
728,Devbhumi Dwarka,Gujarat,Devbhumi Dwarka,census_2011,exact,1.0,
515,Aurangabad,Maharashtra,Aurangabad,census_2011,exact,1.0,
557,Vijayapura,Karnataka,Vijayapura,census_2011,exact,1.0,
417,Bijapur,Chhattisgarh,Bijapur,census_2011,exact,1.0,
520,Raigad,Maharashtra,Raigad,census_2011,exact,1.0,
403,Raigarh,Chhattisgarh,Raigarh,census_2011,exact,1.0,
406,Bilaspur,Chhattisgarh,Bilaspur,census_2011,exact,1.0,
637,Karaikal,Puducherry,Karaikal,census_2011,exact,1.0,
636,Mahe,Puducherry,Mahe,census_2011,exact,1.0,
634,Yanam,Puducherry,Yanam,census_2011,exact,1.0,
372,Sambalpur,Odisha,Sambalpur,census_2011,exact,1.0,
490,Navsari,Gujarat,Navsari,census_2011,exact,1.0,
587,Lakshadweep,Lakshadweep,Lakshadweep,census_2011,exact,1.0,
495,Daman,Dadra and Nagar Haveli and Daman and Diu,Daman,census_2011,exact,1.0,
494,Diu,Dadra and Nagar Haveli and Daman and Diu,Diu,census_2011,exact,1.0,
750,Jayashankar Bhupalapally,Telangana,Jayashankar Bhupalapally,census_2011,exact,1.0,
781,Narayanpet,Telangana,Narayanpet,census_2011,exact,1.0,
723,Sukma,Chhattisgarh,Sukma,census_2011,exact,1.0,
249,Upper Subansiri,Arunachal Pradesh,Upper Subansiri,census_2011,exact,1.0,
260,Anjaw,Arunachal Pradesh,Anjaw,census_2011,exact,1.0,
309,Tinsukia,Assam,Tinsukia,census_2011,exact,1.0,
308,Dhemaji,Assam,Dhemaji,census_2011,exact,1.0,
253,Changlang,Arunachal Pradesh,Changlang,census_2011,exact,1.0,
310,Dibrugarh,Assam,Dibrugarh,census_2011,exact,1.0,
245,Tawang,Arunachal Pradesh,Tawang,census_2011,exact,1.0,
248,Papum Pare,Arunachal Pradesh,Papum Pare,census_2011,exact,1.0,
307,Lakhimpur,Assam,Lakhimpur,census_2011,exact,1.0,
254,Tirap,Arunachal Pradesh,Tirap,census_2011,exact,1.0,
311,Sivasagar,Assam,Sivasagar,census_2011,exact,1.0,
312,Jorhat,Assam,Jorhat,census_2011,exact,1.0,
261,Mon,Nagaland,Mon,census_2011,exact,1.0,
306,Sonitpur,Assam,Sonitpur,census_2011,exact,1.0,
313,Golaghat,Assam,Golaghat,census_2011,exact,1.0,
268,Longleng,Nagaland,Longleng,census_2011,exact,1.0,
262,Mokokchung,Nagaland,Mokokchung,census_2011,exact,1.0,
326,Udalguri,Assam,Udalguri,census_2011,exact,1.0,
320,Chirang,Assam,Chirang,census_2011,exact,1.0,
324,Baksa,Assam,Baksa,census_2011,exact,1.0,
305,Nagaon,Assam,Nagaon,census_2011,exact,1.0,
300,Kokrajhar,Assam,Kokrajhar,census_2011,exact,1.0,
325,Darrang,Assam,Darrang,census_2011,exact,1.0,
267,Tuensang,Nagaland,Tuensang,census_2011,exact,1.0,
303,Barpeta,Assam,Barpeta,census_2011,exact,1.0,
323,Nalbari,Assam,Nalbari,census_2011,exact,1.0,
304,Morigaon,Assam,Morigaon,census_2011,exact,1.0,
321,Kamrup,Assam,Kamrup,census_2011,exact,1.0,
319,Bongaigaon,Assam,Bongaigaon,census_2011,exact,1.0,
301,Dhubri,Assam,Dhubri,census_2011,exact,1.0,
322,Kamrup Metropolitan,Assam,Kamrup Metropolitan,census_2011,exact,1.0,
269,Kiphire,Nagaland,Kiphire,census_2011,exact,1.0,
302,Goalpara,Assam,Goalpara,census_2011,exact,1.0,
297,Ribhoi,Meghalaya,Ribhoi,census_2011,exact,1.0,
315,Dima Hasao,Assam,Dima Hasao,census_2011,exact,1.0,
770,Kamjong,Manipur,Kamjong,census_2011,exact,1.0,
296,West Khasi Hills,Meghalaya,West Khasi Hills,census_2011,exact,1.0,
271,Peren,Nagaland,Peren,census_2011,exact,1.0,
272,Senapati,Manipur,Senapati,census_2011,exact,1.0,
714,East Jaintia Hills,Meghalaya,East Jaintia Hills,census_2011,exact,1.0,
298,East Khasi Hills,Meghalaya,East Khasi Hills,census_2011,exact,1.0,
273,Tamenglong,Manipur,Tamenglong,census_2011,exact,1.0,
295,South Garo Hills,Meghalaya,South Garo Hills,census_2011,exact,1.0,
316,Cachar,Assam,Cachar,census_2011,exact,1.0,
277,Imphal West,Manipur,Imphal West,census_2011,exact,1.0,
317,Karimganj,Assam,Karimganj,census_2011,exact,1.0,
318,Hailakandi,Assam,Hailakandi,census_2011,exact,1.0,
768,Kakching,Manipur,Kakching,census_2011,exact,1.0,
275,Bishnupur,Manipur,Bishnupur,census_2011,exact,1.0,
280,Chandel,Manipur,Chandel,census_2011,exact,1.0,
274,Churachandpur,Manipur,Churachandpur,census_2011,exact,1.0,
292,North Tripura,Tripura,North Tripura,census_2011,exact,1.0,
291,Dhalai,Tripura,Dhalai,census_2011,exact,1.0,
707,Sipahijala,Tripura,Sipahijala,census_2011,exact,1.0,
709,Gomati,Tripura,Gomati,census_2011,exact,1.0,
264,Wokha,Nagaland,Wokha,census_2011,exact,1.0,
263,Zunheboto,Nagaland,Zunheboto,census_2011,exact,1.0,
266,Phek,Nagaland,Phek,census_2011,exact,1.0,
293,West Garo Hills,Meghalaya,West Garo Hills,census_2011,exact,1.0,
294,East Garo Hills,Meghalaya,East Garo Hills,census_2011,exact,1.0,
270,Kohima,Nagaland,Kohima,census_2011,exact,1.0,
265,Dimapur,Nagaland,Dimapur,census_2011,exact,1.0,
251,East Siang,Arunachal Pradesh,East Siang,census_2011,exact,1.0,
259,Lohit,Arunachal Pradesh,Lohit,census_2011,exact,1.0,
256,Kurung Kumey,Arunachal Pradesh,Kurung Kumey,census_2011,exact,1.0,
255,Lower Subansiri,Arunachal Pradesh,Lower Subansiri,census_2011,exact,1.0,
247,East Kameng,Arunachal Pradesh,East Kameng,census_2011,exact,1.0,
246,West Kameng,Arunachal Pradesh,West Kameng,census_2011,exact,1.0,
299,West Jaintia Hills,Meghalaya,West Jaintia Hills,census_2011,exact,1.0,
713,South West Khasi Hills,Meghalaya,South West Khasi Hills,census_2011,exact,1.0,
712,North Garo Hills,Meghalaya,North Garo Hills,census_2011,exact,1.0,
711,South West Garo Hills,Meghalaya,South West Garo Hills,census_2011,exact,1.0,
708,Khowai,Tripura,Khowai,census_2011,exact,1.0,
289,West Tripura,Tripura,West Tripura,census_2011,exact,1.0,
290,South Tripura,Tripura,South Tripura,census_2011,exact,1.0,
710,Unokoti,Tripura,Unokoti,census_2011,exact,1.0,
755,Charaideo,Assam,Charaideo,census_2011,exact,1.0,
760,Majuli,Assam,Majuli,census_2011,exact,1.0,
756,Biswanath,Assam,Biswanath,census_2011,exact,1.0,
757,Hojai,Assam,Hojai,census_2011,exact,1.0,
758,South Salmara Mankachar,Assam,South Salmara Mankachar,census_2011,exact,1.0,
314,Karbi Anglong,Assam,Karbi Anglong,census_2011,exact,1.0,
759,West Karbi Anglong,Assam,West Karbi Anglong,census_2011,exact,1.0,
763,Kra Daadi,Arunachal Pradesh,Kra Daadi,census_2011,exact,1.0,
762,Namsai,Arunachal Pradesh,Namsai,census_2011,exact,1.0,
761,Longding,Arunachal Pradesh,Longding,census_2011,exact,1.0,
278,Imphal East,Manipur,Imphal East,census_2011,exact,1.0,
766,Jiribam,Manipur,Jiribam,census_2011,exact,1.0,
767,Kangpokpi,Manipur,Kangpokpi,census_2011,exact,1.0,
276,Thoubal,Manipur,Thoubal,census_2011,exact,1.0,
769,Tengnoupal,Manipur,Tengnoupal,census_2011,exact,1.0,
279,Ukhrul,Manipur,Ukhrul,census_2011,exact,1.0,
771,Noney,Manipur,Noney,census_2011,exact,1.0,
772,Pherzawl,Manipur,Pherzawl,census_2011,exact,1.0,
252,Upper Siang,Arunachal Pradesh,Upper Siang,census_2011,exact,1.0,
779,Lower Siang,Arunachal Pradesh,Lower Siang,census_2011,exact,1.0,
257,Upper Dibang Valley,Arunachal Pradesh,Upper Dibang Valley,census_2011,exact,1.0,
258,Lower Dibang Valley,Arunachal Pradesh,Lower Dibang Valley,census_2011,exact,1.0,
764,Siang,Arunachal Pradesh,Siang,census_2011,exact,1.0,
785,Shi Yomi,Arunachal Pradesh,Shi Yomi,census_2011,exact,1.0,
783,Pakke Kessang,Arunachal Pradesh,Pakke Kessang,census_2011,exact,1.0,
250,West Siang,Arunachal Pradesh,West Siang,census_2011,exact,1.0,
784,Lepa Rada,Arunachal Pradesh,Lepa Rada,census_2011,exact,1.0,
778,Kamle,Arunachal Pradesh,Kamle,census_2011,exact,1.0,
639,North and Middle Andaman,Andaman and Nicobar Islands,North and Middle Andaman,census_2011,exact,1.0,
640,South Andaman,Andaman and Nicobar Islands,South Andaman,census_2011,exact,1.0,
638,Nicobars,Andaman and Nicobar Islands,Nicobars,census_2011,exact,1.0,
137,Amroha,Uttar Pradesh,Amroha,census_2011,exact,1.0,
102,Churu,Rajasthan,Churu,census_2011,exact,1.0,
705,Hapur,Uttar Pradesh,Hapur,census_2011,exact,1.0,
083,Jhajjar,Haryana,Jhajjar,census_2011,exact,1.0,
150,Bareilly,Uttar Pradesh,Bareilly,census_2011,exact,1.0,
151,Pilibhit,Uttar Pradesh,Pilibhit,census_2011,exact,1.0,
142,Bulandshahr,Uttar Pradesh,Bulandshahr,census_2011,exact,1.0,
141,Gautam Buddha Nagar,Uttar Pradesh,Gautam Buddha Nagar,census_2011,exact,1.0,
153,Lakhimpur Kheri,Uttar Pradesh,Lakhimpur Kheri,census_2011,exact,1.0,
103,Jhunjhunu,Rajasthan,Jhunjhunu,census_2011,exact,1.0,
086,Gurugram,Haryana,Gurugram,census_2011,exact,1.0,
088,Faridabad,Haryana,Faridabad,census_2011,exact,1.0,
084,Mahendragarh,Haryana,Mahendragarh,census_2011,exact,1.0,
085,Rewari,Haryana,Rewari,census_2011,exact,1.0,
149,Budaun,Uttar Pradesh,Budaun,census_2011,exact,1.0,
114,Jaisalmer,Rajasthan,Jaisalmer,census_2011,exact,1.0,
180,Bahraich,Uttar Pradesh,Bahraich,census_2011,exact,1.0,
087,Nuh,Haryana,Nuh,census_2011,exact,1.0,
152,Shahjahanpur,Uttar Pradesh,Shahjahanpur,census_2011,exact,1.0,
111,Sikar,Rajasthan,Sikar,census_2011,exact,1.0,
089,Palwal,Haryana,Palwal,census_2011,exact,1.0,
104,Alwar,Rajasthan,Alwar,census_2011,exact,1.0,
241,North Sikkim,Sikkim,North Sikkim,census_2011,exact,1.0,
143,Aligarh,Uttar Pradesh,Aligarh,census_2011,exact,1.0,
202,Kasganj,Uttar Pradesh,Kasganj,census_2011,exact,1.0,
145,Mathura,Uttar Pradesh,Mathura,census_2011,exact,1.0,
110,Jaipur,Rajasthan,Jaipur,census_2011,exact,1.0,
181,Shrawasti,Uttar Pradesh,Shrawasti,census_2011,exact,1.0,
113,Jodhpur,Rajasthan,Jodhpur,census_2011,exact,1.0,
154,Sitapur,Uttar Pradesh,Sitapur,census_2011,exact,1.0,
105,Bharatpur,Rajasthan,Bharatpur,census_2011,exact,1.0,
144,Hathras,Uttar Pradesh,Hathras,census_2011,exact,1.0,
112,Nagaur,Rajasthan,Nagaur,census_2011,exact,1.0,
201,Etah,Uttar Pradesh,Etah,census_2011,exact,1.0,
155,Hardoi,Uttar Pradesh,Hardoi,census_2011,exact,1.0,
159,Farrukhabad,Uttar Pradesh,Farrukhabad,census_2011,exact,1.0,
242,West Sikkim,Sikkim,West Sikkim,census_2011,exact,1.0,
243,South Sikkim,Sikkim,South Sikkim,census_2011,exact,1.0,
244,East Sikkim,Sikkim,East Sikkim,census_2011,exact,1.0,
147,Firozabad,Uttar Pradesh,Firozabad,census_2011,exact,1.0,
203,West Champaran,Bihar,West Champaran,census_2011,exact,1.0,
184,Siddharthnagar,Uttar Pradesh,Siddharthnagar,census_2011,exact,1.0,
148,Mainpuri,Uttar Pradesh,Mainpuri,census_2011,exact,1.0,
187,Maharajganj,Uttar Pradesh,Maharajganj,census_2011,exact,1.0,
146,Agra,Uttar Pradesh,Agra,census_2011,exact,1.0,
183,Gonda,Uttar Pradesh,Gonda,census_2011,exact,1.0,
176,Barabanki,Uttar Pradesh,Barabanki,census_2011,exact,1.0,
327,Darjeeling,West Bengal,Darjeeling,census_2011,exact,1.0,
109,Dausa,Rajasthan,Dausa,census_2011,exact,1.0,
189,Kushinagar,Uttar Pradesh,Kushinagar,census_2011,exact,1.0,
160,Kannauj,Uttar Pradesh,Kannauj,census_2011,exact,1.0,
157,Lucknow,Uttar Pradesh,Lucknow,census_2011,exact,1.0,
328,Jalpaiguri,West Bengal,Jalpaiguri,census_2011,exact,1.0,
185,Basti,Uttar Pradesh,Basti,census_2011,exact,1.0,
188,Gorakhpur,Uttar Pradesh,Gorakhpur,census_2011,exact,1.0,
186,Sant Kabir Nagar,Uttar Pradesh,Sant Kabir Nagar,census_2011,exact,1.0,
107,Karauli,Rajasthan,Karauli,census_2011,exact,1.0,
204,East Champaran,Bihar,East Champaran,census_2011,exact,1.0,
156,Unnao,Uttar Pradesh,Unnao,census_2011,exact,1.0,
161,Etawah,Uttar Pradesh,Etawah,census_2011,exact,1.0,
106,Dholpur,Rajasthan,Dholpur,census_2011,exact,1.0,
164,Kanpur Nagar,Uttar Pradesh,Kanpur Nagar,census_2011,exact,1.0,
162,Auraiya,Uttar Pradesh,Auraiya,census_2011,exact,1.0,
419,Morena,Madhya Pradesh,Morena,census_2011,exact,1.0,
115,Barmer,Rajasthan,Barmer,census_2011,exact,1.0,
177,Ayodhya,Uttar Pradesh,Ayodhya,census_2011,exact,1.0,
163,Kanpur Dehat,Uttar Pradesh,Kanpur Dehat,census_2011,exact,1.0,
420,Bhind,Madhya Pradesh,Bhind,census_2011,exact,1.0,
108,Sawai Madhopur,Rajasthan,Sawai Madhopur,census_2011,exact,1.0,
190,Deoria,Uttar Pradesh,Deoria,census_2011,exact,1.0,
206,Sitamarhi,Bihar,Sitamarhi,census_2011,exact,1.0,
120,Tonk,Rajasthan,Tonk,census_2011,exact,1.0,
205,Sheohar,Bihar,Sheohar,census_2011,exact,1.0,
179,Sultanpur,Uttar Pradesh,Sultanpur,census_2011,exact,1.0,
118,Pali,Rajasthan,Pali,census_2011,exact,1.0,
217,Gopalganj,Bihar,Gopalganj,census_2011,exact,1.0,
178,Ambedkar Nagar,Uttar Pradesh,Ambedkar Nagar,census_2011,exact,1.0,
158,Rae Bareli,Uttar Pradesh,Rae Bareli,census_2011,exact,1.0,
165,Jalaun,Uttar Pradesh,Jalaun,census_2011,exact,1.0,
191,Azamgarh,Uttar Pradesh,Azamgarh,census_2011,exact,1.0,
421,Gwalior,Madhya Pradesh,Gwalior,census_2011,exact,1.0,
418,Sheopur,Madhya Pradesh,Sheopur,census_2011,exact,1.0,
192,Mau,Uttar Pradesh,Mau,census_2011,exact,1.0,
172,Fatehpur,Uttar Pradesh,Fatehpur,census_2011,exact,1.0,
193,Ballia,Uttar Pradesh,Ballia,census_2011,exact,1.0,
194,Jaunpur,Uttar Pradesh,Jaunpur,census_2011,exact,1.0,
122,Bhilwara,Rajasthan,Bhilwara,census_2011,exact,1.0,
221,Samastipur,Bihar,Samastipur,census_2011,exact,1.0,
116,Jalore,Rajasthan,Jalore,census_2011,exact,1.0,
121,Bundi,Rajasthan,Bundi,census_2011,exact,1.0,
212,Katihar,Bihar,Katihar,census_2011,exact,1.0,
166,Jhansi,Uttar Pradesh,Jhansi,census_2011,exact,1.0,
423,Shivpuri,Madhya Pradesh,Shivpuri,census_2011,exact,1.0,
127,Kota,Rajasthan,Kota,census_2011,exact,1.0,
170,Banda,Uttar Pradesh,Banda,census_2011,exact,1.0,
195,Ghazipur,Uttar Pradesh,Ghazipur,census_2011,exact,1.0,
174,Kaushambi,Uttar Pradesh,Kaushambi,census_2011,exact,1.0,
223,Khagaria,Bihar,Khagaria,census_2011,exact,1.0,
231,Bhojpur,Bihar,Bhojpur,census_2011,exact,1.0,
175,Prayagraj,Uttar Pradesh,Prayagraj,census_2011,exact,1.0,
232,Buxar,Bihar,Buxar,census_2011,exact,1.0,
331,Dakshin Dinajpur,West Bengal,Dakshin Dinajpur,census_2011,exact,1.0,
332,Malda,West Bengal,Malda,census_2011,exact,1.0,
424,Tikamgarh,Madhya Pradesh,Tikamgarh,census_2011,exact,1.0,
197,Varanasi,Uttar Pradesh,Varanasi,census_2011,exact,1.0,
215,Darbhanga,Bihar,Darbhanga,census_2011,exact,1.0,
214,Saharsa,Bihar,Saharsa,census_2011,exact,1.0,
117,Sirohi,Rajasthan,Sirohi,census_2011,exact,1.0,
171,Chitrakoot,Uttar Pradesh,Chitrakoot,census_2011,exact,1.0,
196,Chandauli,Uttar Pradesh,Chandauli,census_2011,exact,1.0,
198,Bhadohi,Uttar Pradesh,Bhadohi,census_2011,exact,1.0,
128,Baran,Rajasthan,Baran,census_2011,exact,1.0,
352,Sahibganj,Jharkhand,Sahibganj,census_2011,exact,1.0,
233,Kaimur,Bihar,Kaimur,census_2011,exact,1.0,
234,Rohtas,Bihar,Rohtas,census_2011,exact,1.0,
130,Udaipur,Rajasthan,Udaipur,census_2011,exact,1.0,
351,Godda,Jharkhand,Godda,census_2011,exact,1.0,
199,Mirzapur,Uttar Pradesh,Mirzapur,census_2011,exact,1.0,
167,Lalitpur,Uttar Pradesh,Lalitpur,census_2011,exact,1.0,
238,Jamui,Bihar,Jamui,census_2011,exact,1.0,
432,Neemuch,Madhya Pradesh,Neemuch,census_2011,exact,1.0,
225,Banka,Bihar,Banka,census_2011,exact,1.0,
430,Rewa,Madhya Pradesh,Rewa,census_2011,exact,1.0,
429,Satna,Madhya Pradesh,Satna,census_2011,exact,1.0,
458,Guna,Madhya Pradesh,Guna,census_2011,exact,1.0,
237,Nawada,Bihar,Nawada,census_2011,exact,1.0,
236,Gaya,Bihar,Gaya,census_2011,exact,1.0,
459,Ashoknagar,Madhya Pradesh,Ashoknagar,census_2011,exact,1.0,
469,Banaskantha,Gujarat,Banaskantha,census_2011,exact,1.0,
129,Jhalawar,Rajasthan,Jhalawar,census_2011,exact,1.0,
333,Murshidabad,West Bengal,Murshidabad,census_2011,exact,1.0,
200,Sonbhadra,Uttar Pradesh,Sonbhadra,census_2011,exact,1.0,
353,Pakur,Jharkhand,Pakur,census_2011,exact,1.0,
433,Mandsaur,Madhya Pradesh,Mandsaur,census_2011,exact,1.0,
226,Munger,Bihar,Munger,census_2011,exact,1.0,
349,Giridih,Jharkhand,Giridih,census_2011,exact,1.0,
362,Dumka,Jharkhand,Dumka,census_2011,exact,1.0,
463,Singrauli,Madhya Pradesh,Singrauli,census_2011,exact,1.0,
334,Birbhum,West Bengal,Birbhum,census_2011,exact,1.0,
350,Deoghar,Jharkhand,Deoghar,census_2011,exact,1.0,
358,Palamu,Jharkhand,Palamu,census_2011,exact,1.0,
462,Sidhi,Madhya Pradesh,Sidhi,census_2011,exact,1.0,
347,Chatra,Jharkhand,Chatra,census_2011,exact,1.0,
346,Garhwa,Jharkhand,Garhwa,census_2011,exact,1.0,
427,Sagar,Madhya Pradesh,Sagar,census_2011,exact,1.0,
470,Patan,Gujarat,Patan,census_2011,exact,1.0,
428,Damoh,Madhya Pradesh,Damoh,census_2011,exact,1.0,
436,Shajapur,Madhya Pradesh,Shajapur,census_2011,exact,1.0,
443,Vidisha,Madhya Pradesh,Vidisha,census_2011,exact,1.0,
471,Mehsana,Gujarat,Mehsana,census_2011,exact,1.0,
442,Rajgarh,Madhya Pradesh,Rajgarh,census_2011,exact,1.0,
460,Shahdol,Madhya Pradesh,Shahdol,census_2011,exact,1.0,
336,Nadia,West Bengal,Nadia,census_2011,exact,1.0,
363,Jamtara,Jharkhand,Jamtara,census_2011,exact,1.0,
124,Dungarpur,Rajasthan,Dungarpur,census_2011,exact,1.0,
450,Katni,Madhya Pradesh,Katni,census_2011,exact,1.0,
354,Dhanbad,Jharkhand,Dhanbad,census_2011,exact,1.0,
125,Banswara,Rajasthan,Banswara,census_2011,exact,1.0,
431,Umaria,Madhya Pradesh,Umaria,census_2011,exact,1.0,
359,Latehar,Jharkhand,Latehar,census_2011,exact,1.0,
434,Ratlam,Madhya Pradesh,Ratlam,census_2011,exact,1.0,
355,Bokaro,Jharkhand,Bokaro,census_2011,exact,1.0,
361,Ramgarh,Jharkhand,Ramgarh,census_2011,exact,1.0,
444,Bhopal,Madhya Pradesh,Bhopal,census_2011,exact,1.0,
335,Purba Bardhaman,West Bengal,Purba Bardhaman,census_2011,exact,1.0,
400,Koriya,Chhattisgarh,Koriya,census_2011,exact,1.0,
435,Ujjain,Madhya Pradesh,Ujjain,census_2011,exact,1.0,
473,Gandhinagar,Gujarat,Gandhinagar,census_2011,exact,1.0,
474,Ahmedabad,Gujarat,Ahmedabad,census_2011,exact,1.0,
446,Raisen,Madhya Pradesh,Raisen,census_2011,exact,1.0,
340,Purulia,West Bengal,Purulia,census_2011,exact,1.0,
445,Sehore,Madhya Pradesh,Sehore,census_2011,exact,1.0,
364,Ranchi,Jharkhand,Ranchi,census_2011,exact,1.0,
339,Bankura,West Bengal,Bankura,census_2011,exact,1.0,
356,Lohardaga,Jharkhand,Lohardaga,census_2011,exact,1.0,
484,Panchmahal,Gujarat,Panchmahal,census_2011,exact,1.0,
451,Jabalpur,Madhya Pradesh,Jabalpur,census_2011,exact,1.0,
366,Gumla,Jharkhand,Gumla,census_2011,exact,1.0,
485,Dahod,Gujarat,Dahod,census_2011,exact,1.0,
437,Dewas,Madhya Pradesh,Dewas,census_2011,exact,1.0,
461,Anuppur,Madhya Pradesh,Anuppur,census_2011,exact,1.0,
464,Jhabua,Madhya Pradesh,Jhabua,census_2011,exact,1.0,
337,North 24 Parganas,West Bengal,North 24 Parganas,census_2011,exact,1.0,
453,Dindori,Madhya Pradesh,Dindori,census_2011,exact,1.0,
338,Hooghly,West Bengal,Hooghly,census_2011,exact,1.0,
365,Khunti,Jharkhand,Khunti,census_2011,exact,1.0,
452,Narsinghpur,Madhya Pradesh,Narsinghpur,census_2011,exact,1.0,
438,Dhar,Madhya Pradesh,Dhar,census_2011,exact,1.0,
402,Jashpur,Chhattisgarh,Jashpur,census_2011,exact,1.0,
439,Indore,Madhya Pradesh,Indore,census_2011,exact,1.0,
369,Saraikela-Kharsawan,Jharkhand,Saraikela-Kharsawan,census_2011,exact,1.0,
454,Mandla,Madhya Pradesh,Mandla,census_2011,exact,1.0,
357,East Singhbhum,Jharkhand,East Singhbhum,census_2011,exact,1.0,
449,Hoshangabad,Madhya Pradesh,Hoshangabad,census_2011,exact,1.0,
404,Korba,Chhattisgarh,Korba,census_2011,exact,1.0,
368,West Singhbhum,Jharkhand,West Singhbhum,census_2011,exact,1.0,
341,Howrah,West Bengal,Howrah,census_2011,exact,1.0,
367,Simdega,Jharkhand,Simdega,census_2011,exact,1.0,
342,Kolkata,West Bengal,Kolkata,census_2011,exact,1.0,
348,Koderma,Jharkhand,Koderma,census_2011,exact,1.0,
360,Hazaribagh,Jharkhand,Hazaribagh,census_2011,exact,1.0,
220,Vaishali,Bihar,Vaishali,census_2011,exact,1.0,
222,Begusarai,Bihar,Begusarai,census_2011,exact,1.0,
224,Bhagalpur,Bihar,Bhagalpur,census_2011,exact,1.0,
227,Lakhisarai,Bihar,Lakhisarai,census_2011,exact,1.0,
228,Sheikhpura,Bihar,Sheikhpura,census_2011,exact,1.0,
240,Arwal,Bihar,Arwal,census_2011,exact,1.0,
239,Jehanabad,Bihar,Jehanabad,census_2011,exact,1.0,
229,Nalanda,Bihar,Nalanda,census_2011,exact,1.0,
230,Patna,Bihar,Patna,census_2011,exact,1.0,
219,Saran,Bihar,Saran,census_2011,exact,1.0,
218,Siwan,Bihar,Siwan,census_2011,exact,1.0,
216,Muzaffarpur,Bihar,Muzaffarpur,census_2011,exact,1.0,
213,Madhepura,Bihar,Madhepura,census_2011,exact,1.0,
209,Araria,Bihar,Araria,census_2011,exact,1.0,
208,Supaul,Bihar,Supaul,census_2011,exact,1.0,
207,Madhubani,Bihar,Madhubani,census_2011,exact,1.0,
211,Purnia,Bihar,Purnia,census_2011,exact,1.0,
715,Surajpur,Chhattisgarh,Surajpur,census_2011,exact,1.0,
401,Surguja,Chhattisgarh,Surguja,census_2011,exact,1.0,
725,Aravalli,Gujarat,Aravalli,census_2011,exact,1.0,
730,Mahisagar,Gujarat,Mahisagar,census_2011,exact,1.0,
706,Amethi,Uttar Pradesh,Amethi,census_2011,exact,1.0,
140,Ghaziabad,Uttar Pradesh,Ghaziabad,census_2011,exact,1.0,
724,Agar Malwa,Madhya Pradesh,Agar Malwa,census_2011,exact,1.0,
754,Sambhal,Uttar Pradesh,Sambhal,census_2011,exact,1.0,
765,Charkhi Dadri,Haryana,Charkhi Dadri,census_2011,exact,1.0,
774,Alipurduar,West Bengal,Alipurduar,census_2011,exact,1.0,
777,Paschim Bardhaman,West Bengal,Paschim Bardhaman,census_2011,exact,1.0,
775,Kalimpong,West Bengal,Kalimpong,census_2011,exact,1.0,
119,Ajmer,Rajasthan,Ajmer,census_2011,exact,1.0,
329,Cooch Behar,West Bengal,Cooch Behar,census_2011,exact,1.0,
330,Uttar Dinajpur,West Bengal,Uttar Dinajpur,census_2011,exact,1.0,
422,Datia,Madhya Pradesh,Datia,census_2011,exact,1.0,
123,Rajsamand,Rajasthan,Rajsamand,census_2011,exact,1.0,
169,Mahoba,Uttar Pradesh,Mahoba,census_2011,exact,1.0,
425,Chhatarpur,Madhya Pradesh,Chhatarpur,census_2011,exact,1.0,
126,Chittorgarh,Rajasthan,Chittorgarh,census_2011,exact,1.0,
426,Panna,Madhya Pradesh,Panna,census_2011,exact,1.0,
472,Sabarkantha,Gujarat,Sabarkantha,census_2011,exact,1.0,
468,Kutch,Gujarat,Kutch,census_2011,exact,1.0,
475,Surendranagar,Gujarat,Surendranagar,census_2011,exact,1.0,
483,Kheda,Gujarat,Kheda,census_2011,exact,1.0,
482,Anand,Gujarat,Anand,census_2011,exact,1.0,
210,Kishanganj,Bihar,Kishanganj,census_2011,exact,1.0,
727,Morbi,Gujarat,Morbi,census_2011,exact,1.0,
003,Leh,Ladakh,Leh,census_2011,exact,1.0,
004,Kargil,Ladakh,Kargil,census_2011,exact,1.0,
001,Kupwara,Jammu and Kashmir,Kupwara,census_2011,exact,1.0,
009,Bandipora,Jammu and Kashmir,Bandipora,census_2011,exact,1.0,
008,Baramulla,Jammu and Kashmir,Baramulla,census_2011,exact,1.0,
011,Ganderbal,Jammu and Kashmir,Ganderbal,census_2011,exact,1.0,
014,Anantnag,Jammu and Kashmir,Anantnag,census_2011,exact,1.0,
018,Kishtwar,Jammu and Kashmir,Kishtwar,census_2011,exact,1.0,
010,Srinagar,Jammu and Kashmir,Srinagar,census_2011,exact,1.0,
002,Budgam,Jammu and Kashmir,Budgam,census_2011,exact,1.0,
012,Pulwama,Jammu and Kashmir,Pulwama,census_2011,exact,1.0,
005,Punch,Jammu and Kashmir,Punch,census_2011,exact,1.0,
013,Shopiyan,Jammu and Kashmir,Shopiyan,census_2011,exact,1.0,
015,Kulgam,Jammu and Kashmir,Kulgam,census_2011,exact,1.0,
006,Rajouri,Jammu and Kashmir,Rajouri,census_2011,exact,1.0,
017,Ramban,Jammu and Kashmir,Ramban,census_2011,exact,1.0,
020,Reasi,Jammu and Kashmir,Reasi,census_2011,exact,1.0,
016,Doda,Jammu and Kashmir,Doda,census_2011,exact,1.0,
025,Lahaul and Spiti,Himachal Pradesh,Lahaul and Spiti,census_2011,exact,1.0,
023,Chamba,Himachal Pradesh,Chamba,census_2011,exact,1.0,
021,Jammu,Jammu and Kashmir,Jammu,census_2011,exact,1.0,
007,Kathua,Jammu and Kashmir,Kathua,census_2011,exact,1.0,
035,Gurdaspur,Punjab,Gurdaspur,census_2011,exact,1.0,
024,Kangra,Himachal Pradesh,Kangra,census_2011,exact,1.0,
026,Kullu,Himachal Pradesh,Kullu,census_2011,exact,1.0,
038,Hoshiarpur,Punjab,Hoshiarpur,census_2011,exact,1.0,
049,Amritsar,Punjab,Amritsar,census_2011,exact,1.0,
027,Mandi,Himachal Pradesh,Mandi,census_2011,exact,1.0,
034,Kinnaur,Himachal Pradesh,Kinnaur,census_2011,exact,1.0,
029,Una,Himachal Pradesh,Una,census_2011,exact,1.0,
033,Shimla,Himachal Pradesh,Shimla,census_2011,exact,1.0,
037,Jalandhar,Punjab,Jalandhar,census_2011,exact,1.0,
050,Tarn Taran,Punjab,Tarn Taran,census_2011,exact,1.0,
051,Rupnagar,Punjab,Rupnagar,census_2011,exact,1.0,
056,Uttarkashi,Uttarakhand,Uttarkashi,census_2011,exact,1.0,
031,Solan,Himachal Pradesh,Solan,census_2011,exact,1.0,
039,Shahid Bhagat Singh Nagar,Punjab,Shahid Bhagat Singh Nagar,census_2011,exact,1.0,
701,Fazilka,Punjab,Fazilka,census_2011,exact,1.0,
042,Moga,Punjab,Moga,census_2011,exact,1.0,
041,Ludhiana,Punjab,Ludhiana,census_2011,exact,1.0,
057,Chamoli,Uttarakhand,Chamoli,census_2011,exact,1.0,
060,Dehradun,Uttarakhand,Dehradun,census_2011,exact,1.0,
032,Sirmaur,Himachal Pradesh,Sirmaur,census_2011,exact,1.0,
052,S.A.S. Nagar,Punjab,S.A.S. Nagar,census_2011,exact,1.0,
045,Faridkot,Punjab,Faridkot,census_2011,exact,1.0,
040,Fatehgarh Sahib,Punjab,Fatehgarh Sahib,census_2011,exact,1.0,
059,Tehri Garhwal,Uttarakhand,Tehri Garhwal,census_2011,exact,1.0,
055,Chandigarh,Chandigarh,Chandigarh,census_2011,exact,1.0,
044,Sri Muktsar Sahib,Punjab,Sri Muktsar Sahib,census_2011,exact,1.0,
058,Rudraprayag,Uttarakhand,Rudraprayag,census_2011,exact,1.0,
062,Pithoragarh,Uttarakhand,Pithoragarh,census_2011,exact,1.0,
053,Sangrur,Punjab,Sangrur,census_2011,exact,1.0,
054,Barnala,Punjab,Barnala,census_2011,exact,1.0,
046,Bathinda,Punjab,Bathinda,census_2011,exact,1.0,
048,Patiala,Punjab,Patiala,census_2011,exact,1.0,
071,Yamunanagar,Haryana,Yamunanagar,census_2011,exact,1.0,
132,Saharanpur,Uttar Pradesh,Saharanpur,census_2011,exact,1.0,
099,Ganganagar,Rajasthan,Ganganagar,census_2011,exact,1.0,
047,Mansa,Punjab,Mansa,census_2011,exact,1.0,
072,Kurukshetra,Haryana,Kurukshetra,census_2011,exact,1.0,
063,Bageshwar,Uttarakhand,Bageshwar,census_2011,exact,1.0,
068,Haridwar,Uttarakhand,Haridwar,census_2011,exact,1.0,
061,Pauri Garhwal,Uttarakhand,Pauri Garhwal,census_2011,exact,1.0,
073,Kaithal,Haryana,Kaithal,census_2011,exact,1.0,
079,Sirsa,Haryana,Sirsa,census_2011,exact,1.0,
100,Hanumangarh,Rajasthan,Hanumangarh,census_2011,exact,1.0,
074,Karnal,Haryana,Karnal,census_2011,exact,1.0,
064,Almora,Uttarakhand,Almora,census_2011,exact,1.0,
077,Jind,Haryana,Jind,census_2011,exact,1.0,
078,Fatehabad,Haryana,Fatehabad,census_2011,exact,1.0,
134,Bijnor,Uttar Pradesh,Bijnor,census_2011,exact,1.0,
133,Muzaffarnagar,Uttar Pradesh,Muzaffarnagar,census_2011,exact,1.0,
080,Hisar,Haryana,Hisar,census_2011,exact,1.0,
066,Nainital,Uttarakhand,Nainital,census_2011,exact,1.0,
075,Panipat,Haryana,Panipat,census_2011,exact,1.0,
065,Champawat,Uttarakhand,Champawat,census_2011,exact,1.0,
067,Udham Singh Nagar,Uttarakhand,Udham Singh Nagar,census_2011,exact,1.0,
076,Sonipat,Haryana,Sonipat,census_2011,exact,1.0,
139,Baghpat,Uttar Pradesh,Baghpat,census_2011,exact,1.0,
138,Meerut,Uttar Pradesh,Meerut,census_2011,exact,1.0,
135,Moradabad,Uttar Pradesh,Moradabad,census_2011,exact,1.0,
101,Bikaner,Rajasthan,Bikaner,census_2011,exact,1.0,
136,Rampur,Uttar Pradesh,Rampur,census_2011,exact,1.0,
081,Bhiwani,Haryana,Bhiwani,census_2011,exact,1.0,
082,Rohtak,Haryana,Rohtak,census_2011,exact,1.0,
704,Shamli,Uttar Pradesh,Shamli,census_2011,exact,1.0,
043,Ferozepur,Punjab,Ferozepur,census_2011,exact,1.0,
773,Pathankot,Punjab,Pathankot,census_2011,exact,1.0,
019,Udhampur,Jammu and Kashmir,Udhampur,census_2011,exact,1.0,
022,Samba,Jammu and Kashmir,Samba,census_2011,exact,1.0,
036,Kapurthala,Punjab,Kapurthala,census_2011,exact,1.0,
069,Panchkula,Haryana,Panchkula,census_2011,exact,1.0,
070,Ambala,Haryana,Ambala,census_2011,exact,1.0,
235,Aurangabad,Bihar,Aurangabad,census_2011,exact,1.0,
716,Balrampur,Chhattisgarh,Balrampur,census_2011,exact,1.0,
182,Balrampur,Uttar Pradesh,Balrampur,census_2011,exact,1.0,
168,Hamirpur,Uttar Pradesh,Hamirpur,census_2011,exact,1.0,
028,Hamirpur,Himachal Pradesh,Hamirpur,census_2011,exact,1.0,
131,Pratapgarh,Rajasthan,Pratapgarh,census_2011,exact,1.0,
173,Pratapgarh,Uttar Pradesh,Pratapgarh,census_2011,exact,1.0,
030,Bilaspur,Himachal Pradesh,Bilaspur,census_2011,exact,1.0,
782,Niwari,Madhya Pradesh,Niwari,census_2011,exact,1.0,
992,Muzaffarabad,Jammu and Kashmir,Muzaffarabad,census_2011,exact,1.0,
991,Mirpur,Jammu and Kashmir,Mirpur,census_2011,exact,1.0,
587,Lakshadweep,Lakshadweep,Lakshadweep,census_2011,exact,1.0,
055,Chandigarh,Chandigarh,Chandigarh,census_2011,exact,1.0,
